id,username,email,created_at
1,navyjourney21,navyjourney21@seeded.app,2024-04-12 11:11:33
2,dawnkernel55,dawnkernel55@acme.dev,2024-08-21 13:49:59
3,calmanchor04,calmanchor04@example.com,2024-04-21 12:55:14
4,keenfield84,keenfield84@example.com,2025-05-07 18:18:25
5,clearnetwork48,clearnetwork48@acme.dev,2025-09-29 22:40:08
6,urbancanyon23,urbancanyon23@opswise.net,2025-09-28 13:17:09
7,tidyisland03,tidyisland03@example.com,2024-09-06 16:40:04
8,goldorbit77,goldorbit77@example.com,2025-09-13 21:45:39
9,warmorbit16,warmorbit16@opswise.net,2025-06-21 18:45:23
10,tidynetwork23,tidynetwork23@opswise.net,2024-12-15 02:58:28
11,livelynetwork53,livelynetwork53@relay.cloud,2024-07-28 01:01:06
12,keenkernel57,keenkernel57@example.com,2025-10-01 09:12:09
13,keennetwork71,keennetwork71@relay.cloud,2025-04-23 21:36:20
14,cobaltmeadow63,cobaltmeadow63@hackstack.io,2024-02-22 22:32:50
15,cleartrail68,cleartrail68@relay.cloud,2025-03-07 05:08:55
16,amberzenith55,amberzenith55@acme.dev,2025-09-25 17:09:48
17,mellowkernel01,mellowkernel01@example.com,2026-01-01 04:32:29
18,calmsignal50,calmsignal50@hackstack.io,2025-08-01 06:02:33
19,warmsignal44,warmsignal44@relay.cloud,2024-07-10 20:04:44
20,jadetrail20,jadetrail20@example.com,2024-09-15 21:24:34
21,youngfield80,youngfield80@acme.dev,2024-09-07 11:36:47
22,vividvalley27,vividvalley27@relay.cloud,2025-12-10 19:17:37
23,keenbeacon49,keenbeacon49@example.com,2024-04-27 15:57:55
24,forestyard38,forestyard38@acme.dev,2025-03-07 22:54:42
25,keenriver22,keenriver22@acme.dev,2025-03-25 03:18:44
26,youngorbit49,youngorbit49@opswise.net,2025-09-23 21:47:14
27,clearfield05,clearfield05@acme.dev,2024-02-12 07:23:04
28,calmisland26,calmisland26@seeded.app,2024-03-27 23:31:02
29,urbananchor56,urbananchor56@example.com,2024-03-02 01:06:53
30,vividfield66,vividfield66@example.com,2024-03-08 02:03:35
31,proudkernel10,proudkernel10@seeded.app,2025-10-26 02:46:27
32,keencanyon34,keencanyon34@seeded.app,2025-09-13 23:06:10
33,jaderiver50,jaderiver50@acme.dev,2024-10-28 11:55:59
34,quiettrail75,quiettrail75@seeded.app,2024-04-15 16:39:31
35,dawnfield92,dawnfield92@acme.dev,2024-04-16 11:13:30
36,proudvalley87,proudvalley87@seeded.app,2025-01-22 18:01:27
37,dawnpioneer62,dawnpioneer62@hackstack.io,2025-01-11 21:15:27
38,opalyard36,opalyard36@acme.dev,2025-08-20 01:46:13
39,urbanyard35,urbanyard35@relay.cloud,2025-09-01 00:36:52
40,forestkernel12,forestkernel12@seeded.app,2024-12-21 21:49:15
41,calmsignal85,calmsignal85@acme.dev,2024-05-18 05:30:28
42,ivorykernel84,ivorykernel84@relay.cloud,2025-06-23 01:18:01
43,briskriver62,briskriver62@example.com,2026-01-09 18:31:11
44,tidydelta81,tidydelta81@hackstack.io,2024-05-17 05:40:32
45,jadelagoon07,jadelagoon07@relay.cloud,2024-03-29 13:59:23
46,livelyharvest63,livelyharvest63@acme.dev,2025-03-18 10:38:54
47,warmmeadow96,warmmeadow96@example.com,2024-05-15 11:18:22
48,emberdelta81,emberdelta81@seeded.app,2024-11-25 19:16:41
49,vividlagoon70,vividlagoon70@example.com,2024-06-21 11:34:07
50,keentrail12,keentrail12@relay.cloud,2025-06-13 19:31:25
51,tidyorbit14,tidyorbit14@acme.dev,2024-06-23 05:39:30
52,mellowsignal87,mellowsignal87@example.com,2024-10-23 03:18:51
53,warmjourney84,warmjourney84@seeded.app,2025-03-27 23:04:47
54,calmbeacon33,calmbeacon33@seeded.app,2025-03-31 03:52:22
55,cobaltzenith17,cobaltzenith17@seeded.app,2025-09-04 16:27:04
56,dawndelta73,dawndelta73@relay.cloud,2025-12-06 20:19:55
57,brisknetwork31,brisknetwork31@acme.dev,2024-03-30 00:59:52
58,dawnorbit94,dawnorbit94@relay.cloud,2024-05-19 14:02:38
59,harbordelta67,harbordelta67@seeded.app,2025-04-05 16:49:35
60,mellowbeacon57,mellowbeacon57@relay.cloud,2025-12-26 00:20:56
61,calmdelta17,calmdelta17@acme.dev,2025-02-18 15:04:40
62,dawnwindow15,dawnwindow15@example.com,2025-05-15 06:14:42
63,keenpioneer15,keenpioneer15@example.com,2025-12-25 10:55:43
64,youngnetwork85,youngnetwork85@seeded.app,2025-12-11 06:45:07
65,emberharvest44,emberharvest44@relay.cloud,2026-01-28 06:55:20
66,opalisland42,opalisland42@relay.cloud,2024-05-20 11:06:55
67,warmuplink85,warmuplink85@opswise.net,2025-05-20 21:57:01
68,silverharvest56,silverharvest56@opswise.net,2025-03-23 17:01:04
69,proudbeacon19,proudbeacon19@hackstack.io,2025-06-15 08:10:13
70,ivoryorbit36,ivoryorbit36@relay.cloud,2025-06-26 01:30:03
71,goldjourney17,goldjourney17@relay.cloud,2025-12-14 19:45:40
72,livelypioneer91,livelypioneer91@acme.dev,2025-03-20 12:05:11
73,cobaltwindow86,cobaltwindow86@hackstack.io,2025-10-31 04:15:49
74,urbanpioneer24,urbanpioneer24@hackstack.io,2024-01-03 01:12:01
75,keenengine54,keenengine54@relay.cloud,2024-02-13 21:37:41
76,navyuplink62,navyuplink62@acme.dev,2025-05-16 00:21:50
77,ivorytrail77,ivorytrail77@acme.dev,2024-12-11 15:23:12
78,harbortrail52,harbortrail52@relay.cloud,2024-06-08 05:59:25
79,quietquartz78,quietquartz78@seeded.app,2025-12-18 20:06:28
80,proudzenith48,proudzenith48@relay.cloud,2025-10-03 10:21:34
81,tidyorbit62,tidyorbit62@opswise.net,2024-05-23 21:19:24
82,silvervalley17,silvervalley17@acme.dev,2024-12-19 04:36:43
83,briskpioneer76,briskpioneer76@example.com,2024-12-17 09:10:49
84,mellowsignal38,mellowsignal38@hackstack.io,2024-11-13 12:48:47
85,dawnriver63,dawnriver63@acme.dev,2024-07-24 05:07:17
86,prouddelta09,prouddelta09@hackstack.io,2025-01-28 13:25:51
87,amberwindow43,amberwindow43@opswise.net,2025-10-26 13:12:48
88,younggarden82,younggarden82@relay.cloud,2024-09-23 19:55:13
89,briskorbit05,briskorbit05@seeded.app,2024-06-11 09:32:34
90,ivoryzenith71,ivoryzenith71@relay.cloud,2025-12-06 18:25:44
91,proudlagoon65,proudlagoon65@opswise.net,2024-04-16 01:35:32
92,emberfield81,emberfield81@opswise.net,2024-08-30 01:24:17
93,livelysignal14,livelysignal14@relay.cloud,2025-06-25 00:49:16
94,cobaltorbit25,cobaltorbit25@opswise.net,2024-12-17 22:05:09
95,proudharvest41,proudharvest41@opswise.net,2025-03-04 18:10:51
96,navyorbit96,navyorbit96@hackstack.io,2024-02-06 08:18:44
97,tidybeacon98,tidybeacon98@example.com,2025-02-27 00:11:29
98,ivorywindow98,ivorywindow98@seeded.app,2025-08-17 05:37:14
99,emberengine75,emberengine75@acme.dev,2025-10-20 21:53:06
100,jadeorbit79,jadeorbit79@relay.cloud,2025-10-25 06:51:01
101,rapidvalley84,rapidvalley84@opswise.net,2025-03-28 00:49:08
102,silverbeacon34,silverbeacon34@opswise.net,2024-01-29 15:45:38
103,vividwindow19,vividwindow19@example.com,2024-12-27 06:06:43
104,proudfield58,proudfield58@relay.cloud,2024-09-04 13:03:28
105,jadesignal52,jadesignal52@example.com,2025-11-30 06:36:45
106,mellowcanyon50,mellowcanyon50@hackstack.io,2025-05-06 14:42:12
107,emberpioneer49,emberpioneer49@hackstack.io,2024-01-29 15:43:26
108,clearanchor47,clearanchor47@acme.dev,2024-05-26 12:48:36
109,urbanlagoon68,urbanlagoon68@relay.cloud,2026-01-28 18:02:27
110,mellowyard96,mellowyard96@hackstack.io,2024-11-02 15:22:53
111,goldorbit37,goldorbit37@seeded.app,2024-01-05 16:26:33
112,urbanengine41,urbanengine41@seeded.app,2025-03-27 04:15:04
113,keenjourney74,keenjourney74@relay.cloud,2024-09-21 18:59:03
114,cobaltorbit62,cobaltorbit62@example.com,2024-01-09 06:00:09
115,keenuplink99,keenuplink99@relay.cloud,2025-03-22 16:04:10
116,rapidanchor92,rapidanchor92@example.com,2025-02-04 12:59:34
117,amberisland33,amberisland33@hackstack.io,2024-11-18 23:16:21
118,rapidorbit96,rapidorbit96@seeded.app,2024-08-29 10:27:52
119,dawnyard44,dawnyard44@acme.dev,2024-02-02 04:45:20
120,clearengine20,clearengine20@seeded.app,2025-09-05 01:12:37
121,dawnsignal47,dawnsignal47@acme.dev,2026-01-08 20:43:55
122,calmdelta38,calmdelta38@acme.dev,2024-06-28 02:34:56
123,clearbeacon83,clearbeacon83@relay.cloud,2024-06-06 03:46:00
124,dawnzenith07,dawnzenith07@opswise.net,2025-12-24 04:47:39
125,warmmeadow72,warmmeadow72@example.com,2024-12-15 10:27:00
126,jadeharvest52,jadeharvest52@relay.cloud,2025-02-17 03:21:16
127,silverriver90,silverriver90@relay.cloud,2025-02-20 03:04:28
128,keenyard17,keenyard17@seeded.app,2024-08-26 03:23:55
129,silveryard02,silveryard02@hackstack.io,2025-11-08 12:30:10
130,ivorywindow21,ivorywindow21@relay.cloud,2024-08-02 14:25:06
131,rapidtrail46,rapidtrail46@example.com,2025-06-24 19:45:54
132,urbanzenith30,urbanzenith30@hackstack.io,2025-06-27 02:11:03
133,dawnorbit11,dawnorbit11@hackstack.io,2024-09-02 14:29:09
134,jadefield65,jadefield65@seeded.app,2024-03-02 19:10:00
135,quietyard58,quietyard58@seeded.app,2025-01-21 23:22:25
136,rapidanchor22,rapidanchor22@acme.dev,2024-03-18 06:01:47
137,forestzenith15,forestzenith15@hackstack.io,2024-10-08 12:56:24
138,briskyard35,briskyard35@opswise.net,2025-05-17 12:24:42
139,vividvalley96,vividvalley96@acme.dev,2024-10-13 22:21:06
140,proudorbit97,proudorbit97@acme.dev,2024-08-15 17:50:38
141,clearisland46,clearisland46@opswise.net,2024-11-03 17:51:43
142,dawngarden15,dawngarden15@opswise.net,2024-07-23 05:11:04
143,ivorytrail84,ivorytrail84@acme.dev,2025-04-07 01:13:22
144,proudanchor82,proudanchor82@example.com,2025-05-09 14:43:54
145,proudnetwork40,proudnetwork40@example.com,2025-09-23 11:08:14
146,cobaltdelta33,cobaltdelta33@opswise.net,2024-10-10 05:44:31
147,calmsignal61,calmsignal61@opswise.net,2025-08-15 18:46:15
148,tidyharvest65,tidyharvest65@opswise.net,2025-09-23 04:50:09
149,keenorbit30,keenorbit30@example.com,2025-01-20 07:02:49
150,harborpioneer96,harborpioneer96@relay.cloud,2024-01-27 00:00:35
151,dawnsignal92,dawnsignal92@hackstack.io,2024-03-02 08:50:25
152,calmanchor27,calmanchor27@opswise.net,2025-09-14 20:01:06
153,rapidquartz43,rapidquartz43@example.com,2025-09-04 14:13:58
154,tidypioneer13,tidypioneer13@hackstack.io,2025-07-05 11:55:41
155,goldbeacon27,goldbeacon27@example.com,2024-05-27 13:05:16
156,cobaltquartz75,cobaltquartz75@seeded.app,2024-10-05 15:23:21
157,forestriver31,forestriver31@opswise.net,2025-06-06 11:37:12
158,ivoryjourney12,ivoryjourney12@relay.cloud,2024-04-29 09:56:42
159,goldisland03,goldisland03@seeded.app,2024-02-11 22:56:17
160,youngorbit05,youngorbit05@seeded.app,2025-04-14 05:44:10
161,urbannetwork95,urbannetwork95@opswise.net,2024-07-24 09:48:31
162,navyfield12,navyfield12@relay.cloud,2024-11-16 17:25:22
163,embersignal56,embersignal56@acme.dev,2025-01-17 12:44:47
164,quietfield73,quietfield73@relay.cloud,2025-07-05 19:38:37
165,navyharvest01,navyharvest01@acme.dev,2024-08-17 08:37:13
166,calmwindow71,calmwindow71@opswise.net,2025-06-20 17:05:32
167,goldwindow74,goldwindow74@relay.cloud,2025-04-18 21:43:55
168,mellowdelta72,mellowdelta72@example.com,2024-04-22 19:36:11
169,calmlagoon94,calmlagoon94@acme.dev,2024-08-23 09:33:02
170,navyisland05,navyisland05@hackstack.io,2025-07-30 14:01:00
171,ivoryorbit59,ivoryorbit59@opswise.net,2024-06-10 02:47:15
172,livelyharvest93,livelyharvest93@acme.dev,2024-12-25 21:39:35
173,silverharvest12,silverharvest12@hackstack.io,2025-08-20 00:27:25
174,harbordelta61,harbordelta61@relay.cloud,2024-05-01 03:57:10
175,warmvalley23,warmvalley23@hackstack.io,2026-02-01 14:48:38
176,mellowquartz72,mellowquartz72@hackstack.io,2024-06-24 04:28:54
177,proudmeadow47,proudmeadow47@relay.cloud,2025-01-05 00:35:08
178,jadelagoon52,jadelagoon52@example.com,2024-04-17 11:52:07
179,opalgarden16,opalgarden16@relay.cloud,2025-05-30 23:42:54
180,vividriver23,vividriver23@relay.cloud,2024-01-19 03:22:36
181,youngharvest55,youngharvest55@seeded.app,2025-10-20 10:10:42
182,urbanquartz40,urbanquartz40@relay.cloud,2025-06-08 11:01:05
183,mellowfield24,mellowfield24@seeded.app,2025-07-30 05:49:11
184,dawnriver90,dawnriver90@hackstack.io,2025-07-14 13:51:47
185,cleardelta72,cleardelta72@seeded.app,2025-12-18 21:08:49
186,tidyorbit80,tidyorbit80@hackstack.io,2024-04-12 00:15:32
187,cobaltquartz40,cobaltquartz40@seeded.app,2024-05-21 00:15:05
188,embersignal73,embersignal73@hackstack.io,2025-09-21 07:54:30
189,urbanyard19,urbanyard19@opswise.net,2024-08-02 23:59:18
190,livelynetwork41,livelynetwork41@example.com,2024-11-16 13:18:45
191,proudkernel07,proudkernel07@hackstack.io,2024-03-17 02:44:39
192,goldisland49,goldisland49@acme.dev,2025-08-24 13:02:19
193,jadesignal59,jadesignal59@opswise.net,2024-09-23 05:26:36
194,silveranchor50,silveranchor50@acme.dev,2024-03-28 06:22:00
195,urbanpioneer54,urbanpioneer54@acme.dev,2025-08-22 05:55:41
196,dawntrail61,dawntrail61@example.com,2024-09-17 11:00:05
197,urbanzenith81,urbanzenith81@relay.cloud,2025-05-09 22:29:53
198,amberjourney30,amberjourney30@opswise.net,2024-04-07 09:09:40
199,briskkernel65,briskkernel65@example.com,2025-09-23 19:21:11
200,cobaltvalley78,cobaltvalley78@seeded.app,2024-11-13 14:09:19
201,rapidquartz54,rapidquartz54@relay.cloud,2025-04-20 16:14:12
202,calmzenith21,calmzenith21@hackstack.io,2025-10-04 20:07:56
203,calmuplink93,calmuplink93@seeded.app,2025-02-19 01:20:31
204,jadejourney49,jadejourney49@hackstack.io,2024-09-03 05:33:22
205,quietsignal95,quietsignal95@example.com,2024-03-31 05:32:23
206,rapidquartz95,rapidquartz95@relay.cloud,2025-05-10 12:42:37
207,harborengine20,harborengine20@seeded.app,2024-02-01 15:13:25
208,rapidbeacon99,rapidbeacon99@acme.dev,2024-06-26 05:04:55
209,youngtrail32,youngtrail32@hackstack.io,2024-09-04 21:30:53
210,warmlagoon16,warmlagoon16@hackstack.io,2025-02-05 08:41:13
211,youngsignal51,youngsignal51@hackstack.io,2024-01-23 11:50:59
212,opalriver35,opalriver35@opswise.net,2025-05-06 09:01:14
213,harborzenith23,harborzenith23@hackstack.io,2024-03-09 05:45:06
214,proudmeadow68,proudmeadow68@example.com,2025-10-17 03:19:54
215,goldmeadow48,goldmeadow48@seeded.app,2024-12-04 21:42:25
216,forestpioneer89,forestpioneer89@relay.cloud,2024-01-25 03:25:16
217,forestbeacon09,forestbeacon09@seeded.app,2025-02-04 20:18:59
218,livelysignal50,livelysignal50@example.com,2024-03-22 19:46:30
219,amberdelta97,amberdelta97@acme.dev,2024-08-08 14:24:02
220,clearsignal91,clearsignal91@example.com,2024-10-22 10:08:56
221,mellowpioneer44,mellowpioneer44@acme.dev,2024-04-22 20:54:04
222,navylagoon48,navylagoon48@relay.cloud,2025-07-19 09:44:41
223,rapiddelta09,rapiddelta09@acme.dev,2025-03-15 08:11:50
224,proudvalley36,proudvalley36@example.com,2024-10-12 07:42:19
225,opaldelta53,opaldelta53@example.com,2025-03-21 16:17:20
226,urbanquartz48,urbanquartz48@opswise.net,2025-09-28 00:50:01
227,rapidorbit93,rapidorbit93@relay.cloud,2024-11-21 05:53:46
228,goldquartz34,goldquartz34@opswise.net,2026-01-02 20:14:34
229,harbortrail38,harbortrail38@seeded.app,2025-08-25 13:21:37
230,harborzenith63,harborzenith63@acme.dev,2025-11-19 14:21:32
231,briskcanyon09,briskcanyon09@relay.cloud,2025-12-17 05:45:52
232,vividharvest38,vividharvest38@hackstack.io,2024-05-12 21:31:55
233,ivoryzenith19,ivoryzenith19@relay.cloud,2024-01-18 13:17:10
234,dawnriver49,dawnriver49@seeded.app,2024-07-03 13:50:05
235,embersignal78,embersignal78@seeded.app,2024-04-08 13:36:38
236,youngriver84,youngriver84@example.com,2025-06-13 12:36:16
237,embergarden40,embergarden40@opswise.net,2024-04-14 22:07:07
238,navyvalley46,navyvalley46@relay.cloud,2024-09-14 09:15:24
239,warmgarden26,warmgarden26@seeded.app,2025-07-23 01:12:24
240,embernetwork87,embernetwork87@seeded.app,2025-08-01 14:42:16
241,livelytrail71,livelytrail71@example.com,2024-06-08 16:30:07
242,amberharvest28,amberharvest28@example.com,2025-04-07 16:35:19
243,warmpioneer07,warmpioneer07@opswise.net,2024-10-16 19:18:15
244,calmisland78,calmisland78@seeded.app,2026-01-05 10:54:56
245,silverfield03,silverfield03@hackstack.io,2025-11-10 04:53:08
246,navyorbit13,navyorbit13@relay.cloud,2024-07-10 05:35:13
247,calmzenith18,calmzenith18@hackstack.io,2024-04-16 17:00:02
248,warmsignal90,warmsignal90@relay.cloud,2024-10-12 22:28:15
249,dawnanchor81,dawnanchor81@example.com,2025-06-20 06:44:37
250,clearnetwork75,clearnetwork75@example.com,2024-12-21 11:09:42
251,brisklagoon14,brisklagoon14@opswise.net,2025-10-04 16:02:50
252,calmmeadow98,calmmeadow98@hackstack.io,2024-07-27 16:17:27
253,goldjourney72,goldjourney72@seeded.app,2025-03-08 06:16:41
254,calmwindow30,calmwindow30@opswise.net,2024-01-04 16:20:32
255,calmpioneer40,calmpioneer40@seeded.app,2024-06-11 12:09:46
256,jadeuplink01,jadeuplink01@example.com,2024-10-06 17:59:44
257,proudsignal04,proudsignal04@relay.cloud,2024-12-28 07:35:19
258,calmorbit00,calmorbit00@hackstack.io,2024-09-23 17:14:25
259,livelyengine17,livelyengine17@example.com,2026-01-26 05:13:51
260,opalbeacon96,opalbeacon96@relay.cloud,2025-01-04 14:02:59
261,clearanchor21,clearanchor21@opswise.net,2025-12-31 07:11:24
262,ambermeadow37,ambermeadow37@hackstack.io,2024-11-07 22:03:18
263,brisklagoon24,brisklagoon24@example.com,2025-03-20 09:16:38
264,keennetwork14,keennetwork14@seeded.app,2025-02-13 15:13:59
265,embertrail38,embertrail38@hackstack.io,2025-07-22 14:40:17
266,clearquartz41,clearquartz41@opswise.net,2024-08-20 07:23:31
267,urbanquartz71,urbanquartz71@seeded.app,2025-01-09 19:55:50
268,forestsignal23,forestsignal23@hackstack.io,2025-12-14 05:20:40
269,ivorypioneer41,ivorypioneer41@acme.dev,2026-01-30 00:05:35
270,quietyard74,quietyard74@opswise.net,2025-01-10 16:36:39
271,forestbeacon91,forestbeacon91@seeded.app,2024-09-19 19:53:10
272,mellowisland05,mellowisland05@acme.dev,2024-07-07 23:19:24
273,forestorbit39,forestorbit39@relay.cloud,2024-09-29 02:11:48
274,livelypioneer33,livelypioneer33@example.com,2024-12-12 02:36:46
275,ambervalley88,ambervalley88@seeded.app,2025-06-14 14:21:45
276,goldlagoon56,goldlagoon56@opswise.net,2025-11-07 00:59:50
277,goldwindow86,goldwindow86@hackstack.io,2025-09-25 02:22:13
278,quietdelta04,quietdelta04@hackstack.io,2024-11-06 10:52:56
279,tidyzenith09,tidyzenith09@relay.cloud,2024-12-13 20:07:01
280,tidyquartz70,tidyquartz70@acme.dev,2024-07-08 17:33:47
281,forestyard27,forestyard27@opswise.net,2024-11-03 16:43:42
282,calmuplink70,calmuplink70@opswise.net,2024-06-12 19:27:25
283,keendelta14,keendelta14@opswise.net,2024-11-04 08:03:48
284,briskmeadow50,briskmeadow50@example.com,2024-09-20 13:47:36
285,ivorylagoon68,ivorylagoon68@seeded.app,2024-07-06 15:19:32
286,opalengine59,opalengine59@opswise.net,2025-02-01 06:31:49
287,forestorbit63,forestorbit63@hackstack.io,2025-01-25 10:19:55
288,keenharvest38,keenharvest38@acme.dev,2024-03-07 02:21:17
289,dawnyard41,dawnyard41@relay.cloud,2025-11-11 18:45:57
290,navyvalley28,navyvalley28@example.com,2024-09-23 06:49:01
291,clearlagoon74,clearlagoon74@acme.dev,2025-02-28 21:18:28
292,emberbeacon74,emberbeacon74@acme.dev,2024-10-21 16:40:37
293,silverdelta12,silverdelta12@seeded.app,2024-11-18 14:04:18
294,youngtrail44,youngtrail44@opswise.net,2025-09-19 21:33:56
295,calmuplink76,calmuplink76@example.com,2024-07-20 14:15:12
296,keenanchor63,keenanchor63@relay.cloud,2025-06-16 14:42:02
297,harborwindow16,harborwindow16@hackstack.io,2024-09-11 13:24:42
298,dawnzenith66,dawnzenith66@opswise.net,2024-05-24 19:59:07
299,quietharvest42,quietharvest42@relay.cloud,2025-03-04 13:31:07
300,quietharvest75,quietharvest75@acme.dev,2025-06-14 02:29:25
301,amberquartz84,amberquartz84@acme.dev,2025-03-29 09:23:55
302,emberkernel86,emberkernel86@hackstack.io,2025-01-04 04:10:41
303,cobaltjourney94,cobaltjourney94@acme.dev,2025-10-10 16:38:05
304,dawnvalley35,dawnvalley35@seeded.app,2024-08-28 04:11:50
305,forestyard48,forestyard48@acme.dev,2024-10-15 10:10:57
306,urbanorbit92,urbanorbit92@opswise.net,2025-05-06 06:48:06
307,forestuplink36,forestuplink36@example.com,2025-11-12 13:19:44
308,mellowengine23,mellowengine23@example.com,2026-01-11 10:59:02
309,jadeyard59,jadeyard59@opswise.net,2024-10-13 18:23:33
310,prouduplink30,prouduplink30@relay.cloud,2025-06-06 19:27:43
311,mellowlagoon54,mellowlagoon54@seeded.app,2026-01-05 05:14:45
312,dawnuplink16,dawnuplink16@hackstack.io,2024-04-04 13:19:25
313,cobaltgarden97,cobaltgarden97@opswise.net,2024-04-27 08:05:27
314,briskuplink37,briskuplink37@opswise.net,2025-12-08 01:00:09
315,livelyvalley91,livelyvalley91@opswise.net,2024-04-05 23:50:37
316,calmwindow13,calmwindow13@example.com,2025-05-03 14:29:12
317,ivorykernel34,ivorykernel34@opswise.net,2024-11-12 08:14:31
318,warmcanyon85,warmcanyon85@example.com,2024-07-28 14:13:33
319,mellowanchor93,mellowanchor93@example.com,2025-07-30 21:54:43
320,navyorbit82,navyorbit82@seeded.app,2025-04-21 07:06:36
321,warmisland56,warmisland56@example.com,2026-01-03 15:55:08
322,foresttrail86,foresttrail86@hackstack.io,2025-09-21 15:59:34
323,quietriver66,quietriver66@opswise.net,2025-03-25 18:09:46
324,golduplink26,golduplink26@seeded.app,2025-10-26 02:54:21
325,opalmeadow33,opalmeadow33@hackstack.io,2025-04-24 23:16:18
326,livelybeacon44,livelybeacon44@hackstack.io,2025-01-21 20:51:53
327,tidygarden33,tidygarden33@seeded.app,2024-10-24 12:19:50
328,jadezenith35,jadezenith35@example.com,2025-07-13 12:55:43
329,urbannetwork32,urbannetwork32@acme.dev,2025-01-23 06:54:55
330,warmdelta25,warmdelta25@example.com,2026-01-01 01:09:30
331,vividgarden98,vividgarden98@relay.cloud,2024-10-24 11:34:45
332,mellowwindow40,mellowwindow40@example.com,2024-12-28 04:25:41
333,ivoryuplink53,ivoryuplink53@opswise.net,2025-03-25 00:42:09
334,proudriver63,proudriver63@example.com,2024-09-25 06:44:59
335,keenlagoon19,keenlagoon19@opswise.net,2025-05-18 11:13:14
336,navyzenith44,navyzenith44@seeded.app,2025-09-22 11:23:37
337,amberorbit78,amberorbit78@example.com,2025-09-08 21:21:57
338,calmfield00,calmfield00@acme.dev,2024-04-22 19:33:37
339,clearfield74,clearfield74@opswise.net,2024-05-14 17:15:18
340,mellowquartz05,mellowquartz05@example.com,2025-03-03 13:40:51
341,navyzenith67,navyzenith67@hackstack.io,2024-06-06 20:00:51
342,navyvalley92,navyvalley92@hackstack.io,2024-10-05 07:34:06
343,warmfield91,warmfield91@seeded.app,2024-11-05 04:08:00
344,goldvalley44,goldvalley44@hackstack.io,2024-11-20 23:08:55
345,mellowmeadow48,mellowmeadow48@hackstack.io,2025-04-26 00:41:46
346,proudzenith95,proudzenith95@example.com,2024-02-17 12:00:21
347,goldcanyon62,goldcanyon62@acme.dev,2024-01-19 12:32:07
348,warmriver87,warmriver87@relay.cloud,2026-01-26 13:11:26
349,tidyjourney59,tidyjourney59@example.com,2024-06-20 11:34:50
350,briskfield19,briskfield19@relay.cloud,2025-10-19 11:39:00
351,cleartrail41,cleartrail41@seeded.app,2024-04-17 20:42:50
352,calmgarden04,calmgarden04@relay.cloud,2025-04-24 20:57:02
353,calmcanyon67,calmcanyon67@relay.cloud,2025-10-10 11:15:24
354,proudzenith72,proudzenith72@seeded.app,2026-01-31 05:55:35
355,goldwindow80,goldwindow80@acme.dev,2025-09-30 19:40:36
356,ivoryyard53,ivoryyard53@example.com,2024-01-31 21:23:28
357,warmnetwork26,warmnetwork26@seeded.app,2025-05-26 12:46:19
358,dawnanchor17,dawnanchor17@relay.cloud,2025-12-15 09:51:41
359,mellowdelta87,mellowdelta87@example.com,2024-08-06 04:39:12
360,tidyanchor84,tidyanchor84@relay.cloud,2025-06-29 05:53:08
361,embersignal10,embersignal10@relay.cloud,2024-01-05 16:31:55
362,calmvalley65,calmvalley65@example.com,2024-05-20 11:17:26
363,ambervalley76,ambervalley76@opswise.net,2025-04-29 23:11:26
364,livelybeacon39,livelybeacon39@seeded.app,2025-03-23 14:00:11
365,cobaltriver25,cobaltriver25@example.com,2024-02-12 17:07:22
366,jadeengine14,jadeengine14@acme.dev,2025-06-12 09:48:19
367,navyfield05,navyfield05@seeded.app,2025-08-17 16:55:09
368,cobaltyard97,cobaltyard97@opswise.net,2024-12-23 03:04:39
369,clearmeadow42,clearmeadow42@opswise.net,2024-10-10 19:53:50
370,quietgarden72,quietgarden72@acme.dev,2026-01-05 01:56:21
371,goldtrail46,goldtrail46@acme.dev,2024-03-07 18:06:12
372,forestgarden72,forestgarden72@example.com,2024-04-30 17:10:54
373,quietnetwork98,quietnetwork98@opswise.net,2025-08-07 07:04:10
374,goldjourney65,goldjourney65@opswise.net,2024-02-23 04:33:46
375,urbangarden97,urbangarden97@seeded.app,2025-03-16 11:21:31
376,briskanchor49,briskanchor49@acme.dev,2025-12-01 16:45:43
377,proudlagoon65,proudlagoon65@seeded.app,2024-03-10 11:21:36
378,forestquartz30,forestquartz30@opswise.net,2025-10-31 20:04:16
379,calmquartz18,calmquartz18@hackstack.io,2026-01-17 20:39:43
380,dawnengine23,dawnengine23@relay.cloud,2025-01-31 11:22:06
381,ivoryfield03,ivoryfield03@hackstack.io,2025-03-07 17:38:32
382,vividuplink49,vividuplink49@opswise.net,2025-07-14 21:42:03
383,proudkernel11,proudkernel11@acme.dev,2025-10-18 23:13:08
384,cobaltengine36,cobaltengine36@seeded.app,2024-07-30 17:05:17
385,clearsignal97,clearsignal97@opswise.net,2024-05-06 03:24:38
386,quietdelta01,quietdelta01@example.com,2026-01-05 22:54:43
387,warmanchor25,warmanchor25@example.com,2024-10-14 15:28:04
388,quietjourney78,quietjourney78@opswise.net,2025-11-30 02:22:38
389,urbanbeacon49,urbanbeacon49@opswise.net,2024-08-22 11:19:15
390,mellowisland40,mellowisland40@hackstack.io,2024-11-04 23:51:22
391,rapidorbit98,rapidorbit98@hackstack.io,2025-10-14 20:06:00
392,embersignal36,embersignal36@opswise.net,2024-04-04 22:06:52
393,keenengine80,keenengine80@seeded.app,2024-09-29 08:01:52
394,youngtrail92,youngtrail92@hackstack.io,2025-07-03 20:22:25
395,keenuplink08,keenuplink08@relay.cloud,2025-02-18 05:50:47
396,silvervalley83,silvervalley83@opswise.net,2026-01-13 23:20:43
397,ivorydelta19,ivorydelta19@opswise.net,2024-02-26 00:09:49
398,youngnetwork99,youngnetwork99@seeded.app,2024-10-20 15:53:53
399,clearfield43,clearfield43@hackstack.io,2024-01-14 14:15:49
400,harboranchor06,harboranchor06@opswise.net,2024-01-18 11:05:15
